paris,1
paris,2
Yorkshire and Innsbruck,3
Yorkshire and Innsbruck,4
London and Yorkshire,5
London and Yorkshire,6
Richmond and London,7
Makuri Islands and New York,8
Makuri Islands and New York,9
New York and Richmond,10
New York and Richmond,11
paris,12
paris,13
London and Yorkshire,14
London and Yorkshire,15
Richmond and London,16
Makuri Islands and New York,17
Makuri Islands and New York,18
New York and Richmond,19
New York and Richmond,20
Yorkshire and Innsbruck,21
Yorkshire and Innsbruck,22
London and Yorkshire,23
London and Yorkshire,24
Richmond and London,25
paris,26
paris,27
Makuri Islands and New York,28
Makuri Islands and New York,29
New York and Richmond,30
New York and Richmond,31
